id,name,age,phonenumber,password
1,Islam Gomaa,76,+201536370058,iislamgom3a
2,Ryan Scott,32,+201540044324,zkDy1G7UNU
3,Emily Charles,29,+201529998248,x3pFpNvF7e
4,Sean Torres,18,+201270463867,orSDEba4MW
5,Elizabeth Gordon,47,+201205211677,M4nNBAC5hy
6,Mrs. Anna Mcdaniel DDS,57,+201224598132,pSQcqEqEUU
7,Erin Monroe,47,+201536063463,rRzpCvoGe8
8,Sarah Johnson,66,+201005235371,J1If662ahH
9,Tanya Johnson,50,+201197294855,VucqAjQoux
10,Kara Brooks,54,+201083868451,J4TI3x1Rak
11,Cynthia Anderson,47,+201198558785,cyImrlHL12
12,Erika Suarez,59,+201547666681,cOswdgN9WL
13,Anthony Thompson,77,+201106929780,g3IZuSG7k7
14,Dustin Chase,76,+201585303525,sIxpRRjL9W
15,Aaron Myers,71,+201133288031,5yt5hHpVbQ
16,Chelsea Lowe,55,+201264818937,Tbm1IF4TlX
17,Steven Prince,41,+201244893172,zf5Ll82LWv
18,Brandon Dodson,46,+201123532536,k6r2aArGRw
19,Eileen Sutton,20,+201055094827,eU0LacrfqB
20,Jack Reeves,54,+201184841676,72NG05XwSb

23,ahmed,32,0342434343,iiahmed